{"0.25": 13.241666666666667, "0.5": 24.05, "2.0": 95.25375000000001, "3.0": 156.01799999999997, "4.0": 228.89307692307702, "1.77": 83.16714285714285, "3.5": 214.98, "1.0": 45.75333333333334, "5.0": 329.20514285714285, "4.46": 272.2416666666667, "0.15": 8.615, "6.0": 481.98861111111114, "1.17": 52.97571428571429, "0.67": 31.235, "5.2": 349.1342857142857, "3.28": 175.20333333333335, "3.21": 184.485, "0.83": 38.61, "0.6": 28.290625, "3.91": 223.29000000000002, "0.89": 40.64714285714285, "0.52": 24.757142857142856, "1.84": 86.77, "3.59": 196.81599999999997, "3.3": 198.36600000000004, "2.25": 108.795, "0.85": 39.46, "4.62": 283.992, "3.51": 479.1, "0.94": 43.01083333333334, "0.96": 43.89000000000001, "4.69": 292.8616666666666, "0.91": 42.23, "0.73": 33.90375, "3.27": 173.59125, "0.78": 36.050714285714285, "5.65": 425.28125000000006, "1.67": 77.75857142857141, "1.68": 78.95, "0.75": 34.855000000000004, "2.4": 118.37454545454547, "4.04": 234.53555555555556, "1.44": 66.63, "3.54": 262.825, "5.29": 368.49, "2.36": 116.43, "1.78": 83.77273809523808, "0.14": 8.381428571428572, "0.37": 18.454285714285714, "3.4": 182.21444444444444, "4.4": 263.8666666666666, "3.62": 198.14428571428567, "4.43": 264.22, "4.6": 277.63, "5.6": 421.75, "3.84": 215.58, "1.41": 64.82714285714286, "1.6": 74.22, "3.79": 216.87666666666667, "0.13": 7.52, "4.67": 292.66, "4.13": 242.0339285714286, "4.58": 277.37, "4.12": 240.75714285714287, "4.49": 274.07166666666666, "3.49": 189.7, "0.56": 26.485714285714288, "1.23": 56.63, "1.51": 69.83000000000001, "1.94": 91.76888888888888, "3.41": 182.12597222222223, "0.7": 32.519999999999996, "0.42": 20.46333333333333, "4.7": 293.576, "3.87": 220.87829629629627, "4.9": 315.81, "0.22": 11.98, "4.03": 234.07777777777775, "1.34": 61.9, "0.95": 43.39125000000001, "0.26": 13.5, "1.11": 51.0, "2.99": 153.875, "4.42": 265.05, "4.56": 276.76, "4.95": 317.4266666666667, "0.46": 22.048571428571424, "4.18": 247.36499999999998, "2.06": 98.59, "4.79": 297.68333333333334, "5.45": 398.12611307420497, "0.63": 31.426666666666662, "5.24": 366.2066666666667, "2.1": 100.011, "4.36": 262.43, "1.81": 85.46166666666667, "3.55": 243.05000000000004, "1.79": 84.37833333333333, "5.67": 425.5333333333333, "4.09": 236.9267857142857, "3.74": 207.12, "2.02": 96.27, "4.05": 234.99333333333334, "4.97": 318.1143333333333, "5.36": 372.66499999999996, "3.07": 158.49, "2.15": 104.72333333333331, "4.11": 239.48035714285714, "3.95": 225.23600000000002, "3.48": 190.28833333333333, "4.81": 310.2633333333334, "1.9": 89.94071428571428, "3.56": 238.95749999999998, "1.73": 80.995, "2.43": 119.41199999999999, "2.11": 100.934, "3.58": 197.28499999999997, "1.96": 92.70201058201059, "5.04": 340.248, "3.52": 190.76666666666668, "2.76": 139.74, "2.84": 143.84666666666666, "1.92": 90.86, "3.89": 225.0683333333333, "3.17": 168.25714285714284, "3.97": 226.125, "4.41": 263.86, "3.96": 225.748, "3.98": 226.02, "4.01": 233.545, "5.22": 358.77175355450237, "0.8": 37.21, "5.61": 422.69625, "3.88": 223.15, "5.06": 340.0925, "0.19": 10.209999999999999, "3.33": 177.62157894736842, "3.75": 211.20853658536583, "1.18": 54.03, "4.94": 317.75, "0.66": 30.72142857142857, "2.91": 148.54999999999998, "1.85": 86.77142857142856, "4.78": 296.52, "5.32": 370.20250000000004, "5.13": 345.1885714285715, "5.12": 344.5025, "2.27": 112.77183760683761, "5.47": 416.24666666666667, "5.86": 479.2159090909093, "2.19": 105.34733333333334, "0.51": 24.204285714285714, "0.31": 15.665999999999997, "1.21": 55.356249999999996, "5.7": 428.8385714285714, "4.72": 294.4183333333333, "3.83": 348.81, "2.64": 132.19199999999998, "5.54": 417.68799999999993, "2.28": 115.99675213675215, "5.03": 340.045, "5.38": 374.25249999999994, "2.51": 124.73, "2.22": 107.56699999999998, "1.09": 49.81142857142857, "5.37": 372.62999999999994, "0.98": 44.794666666666664, "0.4": 19.712499999999995, "5.21": 349.7090909090909, "4.75": 296.375, "1.54": 71.11285714285715, "1.99": 94.23499999999999, "1.93": 90.814, "1.08": 49.254285714285714, "2.31": 112.87, "1.37": 63.010000000000005, "5.05": 340.3145454545455, "5.44": 375.012, "2.68": 135.67, "0.1": 6.540000000000001, "5.79": 478.69944444444445, "3.6": 199.0375, "2.23": 108.21349999999998, "1.83": 86.10666666666665, "4.89": 314.805, "5.28": 368.62, "4.93": 317.75333333333333, "1.72": 80.73, "5.63": 423.44666666666666, "1.76": 82.45142857142856, "0.47": 22.556785714285713, "5.62": 424.08500000000004, "1.05": 48.1125, "2.52": 125.01666666666667, "3.67": 205.37, "1.35": 61.90571428571429, "4.38": 262.7, "3.13": 163.2888888888889, "5.46": 392.78117241379306, "2.44": 119.89399999999998, "4.71": 293.73909090909086, "1.98": 94.11250000000001, "5.3": 368.64, "5.69": 426.7416666666666, "4.86": 312.895, "2.03": 96.37571428571428, "5.14": 346.42571428571426, "2.53": 125.30333333333334, "5.53": 416.28499999999997, "0.09": 6.28, "4.37": 262.534, "5.88": 479.62577464788745, "0.76": 35.4, "2.47": 121.66311403508773, "1.63": 75.94571428571429, "5.87": 479.497037037037, "5.31": 369.6275, "4.65": 291.33, "4.3": 259.7825, "2.07": 98.57571428571428, "5.71": 452.1289873417718, "2.56": 128.005, "1.62": 75.34142857142857, "5.55": 418.09000000000015, "5.94": 480.95452380952383, "5.39": 373.42, "5.78": 478.83036363636364, "0.36": 17.88142857142857, "5.19": 348.415, "2.29": 119.22166666666668, "4.52": 275.43142857142857, "4.17": 246.24999999999997, "2.77": 140.24944444444446, "2.32": 113.45125, "0.72": 33.4975, "5.96": 481.083076923077, "5.76": 479.4558695652173, "2.69": 135.81416666666667, "0.99": 45.274, "3.31": 174.55, "5.8": 478.8837500000001, "2.55": 126.98607142857145, "0.45": 22.04, "5.64": 424.355, "2.78": 140.75888888888892, "0.79": 36.65, "1.19": 54.13857142857143, "2.72": 137.03, "3.64": 201.94, "2.89": 147.85433333333333, "2.81": 142.61, "1.39": 64.17, "1.26": 57.75, "1.3": 59.95666666666667, "3.18": 168.36657142857143, "2.73": 137.73071428571433, "1.22": 55.993125, "5.89": 479.85603448275856, "3.22": 169.17, "3.16": 165.82781818181812, "3.1": 162.74571428571429, "4.21": 248.00428571428574, "2.65": 132.4333333333333, "3.02": 159.15, "3.46": 188.355, "1.88": 88.93714285714285, "0.04": 3.9, "2.57": 128.37, "2.94": 153.6493, "4.31": 260.2933333333333, "3.82": 217.37400000000002, "4.16": 246.96499999999997, "0.61": 28.86, "4.07": 235.58199999999997, "5.72": 456.94590909090897, "3.11": 163.17000000000002, "4.2": 247.94, "2.14": 102.48533333333334, "3.03": 158.74416666666667, "1.28": 58.43576923076924, "2.41": 118.65227272727273, "4.88": 314.22428571428566, "4.54": 276.895, "4.45": 271.32, "1.24": 56.55833333333334, "3.66": 206.25, "4.61": 284.76031250000005, "0.16": 9.066875, "0.41": 20.08791666666666, "1.61": 74.84666666666668, "1.46": 67.54, "3.69": 217.60777777777778, "3.06": 168.24200000000002, "3.43": 184.86653333333336, "2.98": 153.46500000000003, "5.56": 418.492, "5.95": 481.0446153846154, "0.06": 4.345000000000001, "3.35": 181.04999999999998, "2.9": 148.122, "1.43": 65.99071428571429, "1.25": 57.7, "2.33": 114.0325, "0.64": 30.09857142857143, "1.14": 51.96400000000002, "4.19": 248.48, "3.36": 180.92499999999998, "4.83": 312.3983333333333, "0.24": 13.23, "2.83": 143.91, "2.05": 97.46, "1.59": 73.94714285714286, "1.75": 82.06777777777778, "0.3": 15.298624999999998, "3.81": 215.60222222222222, "4.06": 234.9, "1.55": 71.73857142857143, "3.63": 201.57371428571423, "4.22": 249.14, "2.71": 135.85, "3.68": 245.38400000000001, "2.54": 125.59, "2.37": 116.5475, "1.47": 68.07, "0.39": 19.293095238095233, "0.71": 33.09125, "3.29": 175.02428571428572, "1.87": 88.23312499999999, "2.45": 120.39684210526316, "4.5": 273.97, "1.45": 66.50857142857144, "5.4": 374.61666666666673, "1.89": 89.78, "0.21": 10.92, "3.61": 198.78166666666667, "0.17": 9.518749999999999, "0.07": 4.790000000000001, "1.06": 48.74, "2.59": 129.1, "1.53": 71.04, "4.25": 249.38333333333333, "0.58": 27.090625000000003, "4.55": 276.69, "5.98": 481.3068518518519, "3.39": 181.62650793650795, "0.2": 10.829999999999998, "0.23": 11.978000000000003, "3.76": 480.16,